[
    {
        "id": "d0876ed3c2dc5339358a70e8eaf1339dd5b3860e",
        "name": "uitk",
        "selectedTokenSets": {
            "system": "enabled",
            "brand": "source"
        },
        "$figmaStyleReferences": {}
    },
    {
        "id": "5f7beb91029b65073e848d2b36b3a35e48e76ae9",
        "name": "figma styles",
        "selectedTokenSets": {
            "system": "source",
            "brand": "source",
            "figma": "enabled"
        },
        "$figmaStyleReferences": {
            "light.background": "S:002944a0f49b5bcecd2e91b002300e7086e801e7,",
            "light.surface": "S:794277e3e12b2fb30c17f1543e1d526c3e5bb345,",
            "light.surface-primary": "S:e839f31037cbb7c3c00596d9730e247bc44ffaf2,",
            "light.surface-primary-border": "S:29b2bea9ae1ccbcb22beb28e6d202526ce689de9,",
            "light.surface-primary-disabled": "S:b97157af002dd9ff76fc5e0a9de1ca2792f7e1ed,",
            "light.surface-secondary": "S:21092025b805cef5b9f05cf4e477a06fd763a7e1,",
            "light.surface-secondary-border": "S:80dc6146fd646367002a92994dbbe571270a2d8b,",
            "light.surface-secondary-disabled": "S:b5fb72ee56036784b6836a0a880ddb30fea29a90,",
            "light.contrast": "S:89a413137b8998c00be10afc54f57fcb8f0116ee,",
            "light.contrast-link": "S:e81080185d6fb93b27aaa73583067e0c8fe9dc0e,",
            "light.contrast-primary": "S:3a96c3459e265d2867e8d46ea13d806bfce085ff,",
            "light.contrast-primary-disabled": "S:9bccfcd784fb12d69efaaec02ce89df9bc7e35de,",
            "light.contrast-secondary": "S:2345181bd609ee4b6802f3c4b03bb7c6aff6b674,",
            "light.contrast-secondary-disabled": "S:c7d4c9c0fa079f92c39dac99b2cdc6a5750777df,",
            "light.overlay.background": "S:2140a89f9ead5caec581cb36b230ca8a40595497,",
            "light.overlay.surface": "S:e3281a6015c22edbe32a288d6288f620a22c38a2,",
            "light.overlay.surface-primary": "S:43de0c2f0900967cfe53241191e3fda9622671a4,",
            "light.overlay.surface-primary-border": "S:2cf205b50c76ff0eee0a39d26a71864ad97f8c29,",
            "light.overlay.surface-primary-disabled": "S:7bc7275115e0970d096ee251cf91145da888d705,",
            "light.overlay.surface-secondary": "S:67e434638a40de8cfbd4df821e762ab7882f22c4,",
            "light.overlay.surface-secondary-border": "S:a7bc7f79ad1e14284b2d6961458f48303d5a316f,",
            "light.overlay.surface-secondary-disabled": "S:9d5e82310042afaea661eac0ef51bdf800f58b3b,",
            "light.overlay.contrast": "S:1001781dde13de48fa5ea6aca6f6f4f3689f2233,",
            "light.overlay.contrast-link": "S:d41e582e687ecc26e6870637f7d851a70d446a00,",
            "light.overlay.contrast-primary": "S:688e7418d30e28199a29187e1cd1b2fc47861b85,",
            "light.overlay.contrast-primary-disabled": "S:b34753c1bbee207c3ee25cac9b643b998ea3cc35,",
            "light.overlay.contrast-secondary": "S:ea59b353e8fd50bee94bef11e0acd368a7b5aaa2,",
            "light.overlay.contrast-secondary-disabled": "S:f35634aee816511f9d6dcf83aae5316d3e9af497,",
            "dark.background": "S:8932ef32b653e544266d5e5f72b9716ce9fd4362,",
            "dark.surface": "S:d11f31117062209c432ff64f4919c8ec4be87019,",
            "dark.surface-primary": "S:1b048dc28c98cc426d4a44fdbb436d87ab9a59b9,",
            "dark.surface-primary-border": "S:a9737c76532a00ea5b44172591661f1aa7144397,",
            "dark.surface-primary-disabled": "S:5fea8dde1d69f7260aa78eb800e5ddafb731e1c6,",
            "dark.surface-secondary": "S:fbe015e25a41dcfd5e7e7a7f6fe7c3b91f6b2552,",
            "dark.surface-secondary-border": "S:26fd36d686d60c819cce841de7a82a526d58d2a9,",
            "dark.surface-secondary-disabled": "S:c50e09e2dcec6bb725cb8dcbbf2ee1071aeacd81,",
            "dark.contrast": "S:0c0703fa6abff4ff4680e228a22a5dfd9a1da1e5,",
            "dark.contrast-link": "S:7887a6b8af8f611fbdce2872615d3a6f14379861,",
            "dark.contrast-primary": "S:26304801f094cb905a99c5ef8b63d6784c8f5f0f,",
            "dark.contrast-primary-disabled": "S:ebefbdf69aa477cc154753adc6bf061117d1f1d4,",
            "dark.contrast-secondary": "S:5f70ad366b2bd8bc1c2afa6d2a3d63a5deffc73c,",
            "dark.contrast-secondary-disabled": "S:ea9cc19e1ab0c092ade4106c891a20d65da71e41,",
            "dark.overlay.background": "S:1516aed041e7a18a67ef7ef68cc1756afe07069f,",
            "dark.overlay.surface": "S:f4eb0b7b2cca8e30c25da718da52638e6fcfde4a,",
            "dark.overlay.surface-primary": "S:a0222701fc232ba851180a258d4b5684b45c0854,",
            "dark.overlay.surface-primary-border": "S:3ad922aa9b0d5680031738ce88f61e1d26dcb1c9,",
            "dark.overlay.surface-primary-disabled": "S:12bc159f6da8f0fe0d33f8a40765ac5ce393f4ce,",
            "dark.overlay.surface-secondary": "S:c7dab9f3d7c1f4fa3ea0c8a6e941ba03c6431809,",
            "dark.overlay.surface-secondary-border": "S:9abf637a7e93d35149349ac1d6abba489d98a924,",
            "dark.overlay.surface-secondary-disabled": "S:81d05cdd558a5fd7def5209f7dd1f460d2ef003e,",
            "dark.overlay.contrast": "S:2536f15a1aa33cdc2d8e2f911b58fc2d15912c25,",
            "dark.overlay.contrast-link": "S:4f173c1c26f8c44574d126b9ccc4db75d0509bc4,",
            "dark.overlay.contrast-primary": "S:da6a35661b3c55e523ce5586d54fce314df834a4,",
            "dark.overlay.contrast-primary-disabled": "S:c78aa58326b18e076a09f82d387376d1c76b765b,",
            "dark.overlay.contrast-secondary": "S:7644695d94a96a49019e107ea4f6088bf29a46c2,",
            "dark.overlay.contrast-secondary-disabled": "S:d31838f46243e147df385ee1f85ce4505270d427,",
            "mobile.display-small": "S:2c69cf10ef132e0fd438e22c02324216129046a9,",
            "mobile.headline-large": "S:3fced5e9016e03f60d0073a7e020210ac4a3c23d,",
            "mobile.headline-medium": "S:4c33782d709c028490ecc628f365d69c5b5a7a9c,",
            "mobile.headline-small": "S:dc71ad475c9f61bb516a5c92495c696187679d15,",
            "mobile.title-large": "S:59f398fa4be98611578f2964af95944994ea6dfa,",
            "mobile.title-medium": "S:98b17f81ca9c5d024baa23494b3bacd54d910ad0,",
            "mobile.title-small": "S:051019ee96b2b3c3ce9182d5df805999939a4489,",
            "mobile.label-large": "S:ed65ec4659b3ab0cd35a3025d4d6db2765ae5ff1,",
            "mobile.label-medium": "S:a1b40453db7dcf3c4604bc0ea672d3535f6e91ee,",
            "mobile.label-small": "S:442412c699ce675c9e9d92b4c0c1c31283161f45,"
        }
    }
]
