{
    "color": {
        "light": {
            "default-background": {
                "value": "{color.dark.default-background}",
                "type": "color"
            },
            "default-surface": {
                "value": "{color.dark.default-surface}",
                "type": "color"
            },
            "default-surface-primary": {
                "value": "{color.dark.default-surface-primary}",
                "type": "color"
            },
            "default-surface-primary-border": {
                "value": "{color.dark.default-surface-primary-disabled}",
                "type": "color"
            },
            "default-surface-primary-disabled": {
                "value": "{brand.primary-45-25}",
                "type": "color"
            },
            "default-surface-secondary": {
                "value": "{color.dark.default-surface-secondary}",
                "type": "color"
            },
            "default-surface-secondary-border": {
                "value": "{color.dark.default-surface-secondary-border}",
                "type": "color"
            },
            "default-surface-secondary-disabled": {
                "value": "{color.dark.default-surface-secondary-disabled}",
                "type": "color"
            },
            "default-contrast": {
                "value": "{color.dark.default-contrast}",
                "type": "color"
            },
            "default-contrast-link": {
                "value": "{color.dark.default-contrast-link}",
                "type": "color"
            },
            "default-contrast-primary": {
                "value": "{color.dark.default-contrast-primary}",
                "type": "color"
            },
            "default-contrast-primary-disabled": {
                "value": "{color.dark.default-contrast-primary-disabled}",
                "type": "color"
            },
            "default-contrast-secondary": {
                "value": "{color.dark.default-contrast-secondary}",
                "type": "color"
            },
            "default-contrast-secondary-disabled": {
                "value": "{color.dark.default-contrast-secondary-disabled}",
                "type": "color"
            },
            "overlay-background": {
                "value": "{color.dark.overlay-background}",
                "type": "color"
            },
            "overlay-surface": {
                "value": "{color.dark.overlay-surface}",
                "type": "color"
            },
            "overlay-surface-primary": {
                "value": "{color.dark.overlay-surface-primary}",
                "type": "color"
            },
            "overlay-surface-primary-border": {
                "value": "{color.dark.overlay-surface-primary-border}",
                "type": "color"
            },
            "overlay-surface-primary-disabled": {
                "value": "{color.dark.overlay-surface-primary-disabled}",
                "type": "color"
            },
            "overlay-surface-secondary": {
                "value": "{color.dark.overlay-surface-secondary}",
                "type": "color"
            },
            "overlay-surface-secondary-border": {
                "value": "{color.dark.overlay-surface-secondary-border}",
                "type": "color"
            },
            "overlay-surface-secondary-disabled": {
                "value": "{color.dark.overlay-surface-secondary-disabled}",
                "type": "color"
            },
            "overlay-contrast": {
                "value": "{color.dark.overlay-contrast}",
                "type": "color"
            },
            "overlay-contrast-link": {
                "value": "{color.dark.overlay-contrast-link}",
                "type": "color"
            },
            "overlay-contrast-primary": {
                "value": "{color.dark.overlay-contrast-primary}",
                "type": "color"
            },
            "overlay-contrast-primary-disabled": {
                "value": "{color.dark.overlay-contrast-primary-disabled}",
                "type": "color"
            },
            "overlay-contrast-secondary": {
                "value": "{color.dark.overlay-contrast-secondary}",
                "type": "color"
            },
            "overlay-contrast-secondary-disabled": {
                "value": "{color.dark.overlay-contrast-secondary-disabled}",
                "type": "color"
            }
        },
        "dark": {
            "default-background": {
                "value": "{brand.neutral-5}",
                "type": "color"
            },
            "default-surface": {
                "value": "{brand.neutral-100-15}",
                "type": "color"
            },
            "default-surface-primary": {
                "value": "{brand.primary-100}",
                "type": "color"
            },
            "default-surface-primary-border": {
                "value": "null",
                "type": "color"
            },
            "default-surface-primary-disabled": {
                "value": "null",
                "type": "color"
            },
            "default-surface-secondary": {
                "value": "null",
                "type": "color"
            },
            "default-surface-secondary-border": {
                "value": "null",
                "type": "color"
            },
            "default-surface-secondary-disabled": {
                "value": "null",
                "type": "color"
            },
            "default-contrast": {
                "value": "{brand.neutral-100}",
                "type": "color"
            },
            "default-contrast-link": {
                "value": "{brand.neutral-100}",
                "type": "color"
            },
            "default-contrast-primary": {
                "value": "{brand.neutral-100}",
                "type": "color"
            },
            "default-contrast-primary-disabled": {
                "value": "{brand.neutral-100-50}",
                "type": "color"
            },
            "default-contrast-secondary": {
                "value": "{brand.neutral-100}",
                "type": "color"
            },
            "default-contrast-secondary-disabled": {
                "value": "{brand.neutral-100-50}",
                "type": "color"
            },
            "overlay-background": {
                "value": "{brand.neutral-5-70}",
                "type": "color"
            },
            "overlay-surface": {
                "value": "null",
                "type": "color"
            },
            "overlay-surface-primary": {
                "value": "{brand.primary-45-25}",
                "type": "color"
            },
            "overlay-surface-primary-border": {
                "value": "null",
                "type": "color"
            },
            "overlay-surface-primary-disabled": {
                "value": "null",
                "type": "color"
            },
            "overlay-surface-secondary": {
                "value": "null",
                "type": "color"
            },
            "overlay-surface-secondary-border": {
                "value": "null",
                "type": "color"
            },
            "overlay-surface-secondary-disabled": {
                "value": "null",
                "type": "color"
            },
            "overlay-contrast": {
                "value": "{brand.neutral-100}",
                "type": "color"
            },
            "overlay-contrast-link": {
                "value": "{brand.neutral-100}",
                "type": "color"
            },
            "overlay-contrast-primary": {
                "value": "{brand.neutral-100}",
                "type": "color"
            },
            "overlay-contrast-primary-disabled": {
                "value": "{brand.neutral-100-50}",
                "type": "color"
            },
            "overlay-contrast-secondary": {
                "value": "{brand.neutral-100}",
                "type": "color"
            },
            "overlay-contrast-secondary-disabled": {
                "value": "{brand.neutral-100-50}",
                "type": "color"
            }
        }
    },
    "size": {
        "icon-small": {
            "value": "{brand.size-small}",
            "type": "sizing"
        },
        "icon-medium": {
            "value": "{brand.size-medium}",
            "type": "sizing"
        },
        "icon-large": {
            "value": "{brand.size-large}",
            "type": "sizing"
        },
        "touch-target-min": {
            "value": "{brand.size-large}",
            "type": "sizing"
        },
        "touch-target-default": {
            "value": "{brand.size-xlarge}",
            "type": "sizing"
        },
        "button-surface-small": {
            "value": "{brand.size-small}",
            "type": "sizing"
        },
        "button-surface-medium": {
            "value": "{brand.size-large}",
            "type": "sizing"
        },
        "button-surface-large": {
            "value": "{brand.size-xlarge}",
            "type": "sizing"
        },
        "line-width-small": {
            "value": "{brand.line-width-small}",
            "type": "sizing"
        },
        "line-width-medium": {
            "value": "{brand.line-width-medium}",
            "type": "sizing"
        },
        "line-width-large": {
            "value": "{brand.line-width-large}",
            "type": "sizing"
        },
        "border-radius-small": {
            "value": "{brand.rounding-small}",
            "type": "borderRadius"
        },
        "border-radius-medium": {
            "value": "{brand.rounding-medium}",
            "type": "borderRadius"
        },
        "border-radius-large": {
            "value": "{brand.rounding-large}",
            "type": "borderRadius"
        }
    },
    "space": {
        "inset-padding-none": {
            "value": "0",
            "type": "spacing"
        },
        "inset-padding-xsmall": {
            "value": "{brand.space-xsmall}",
            "type": "spacing"
        },
        "inset-padding-small": {
            "value": "{brand.space-small}",
            "type": "spacing"
        },
        "inset-padding-medium": {
            "value": "{brand.space-medium}",
            "type": "spacing"
        },
        "inset-padding-large": {
            "value": "{brand.space-large}",
            "type": "spacing"
        },
        "inset-padding-xlarge": {
            "value": "{brand.space-xlarge}",
            "type": "spacing"
        },
        "item-spacing-none": {
            "value": "0",
            "type": "spacing"
        },
        "item-spacing-xsmall": {
            "value": "{brand.space-xsmall}",
            "type": "spacing"
        },
        "item-spacing-small": {
            "value": "{brand.space-small}",
            "type": "spacing"
        },
        "item-spacing-medium": {
            "value": "{brand.space-medium}",
            "type": "spacing"
        },
        "item-spacing-large": {
            "value": "{brand.space-large}",
            "type": "spacing"
        },
        "item-spacing-xlarge": {
            "value": "{brand.space-xlarge}",
            "type": "spacing"
        }
    },
    "mobile": {
        "typography": {
            "display-small": {
                "fontFamily": {
                    "value": "{brand.font-family-primary}",
                    "type": "fontFamilies"
                },
                "fontWeight": {
                    "value": "{brand.font-weight-strong}",
                    "type": "fontWeights"
                },
                "lineHeight": {
                    "value": "{brand.line-height-large}",
                    "type": "lineHeight"
                },
                "fontSize": {
                    "value": "{brand.font-size.mobile.xxxlarge}",
                    "type": "fontSizes"
                },
                "letterSpacing": {
                    "value": "{brand.letter-spacing-small}",
                    "type": "letterSpacing"
                }
            },
            "headline-large": {
                "fontFamily": {
                    "value": "{brand.font-family-primary}",
                    "type": "fontFamilies"
                },
                "fontWeight": {
                    "value": "{brand.font-weight-strong}",
                    "type": "fontWeights"
                },
                "lineHeight": {
                    "value": "{brand.line-height-large}",
                    "type": "lineHeight"
                },
                "fontSize": {
                    "value": "{brand.font-size.mobile.xxlarge}",
                    "type": "fontSizes"
                },
                "letterSpacing": {
                    "value": "{brand.letter-spacing-small}",
                    "type": "letterSpacing"
                }
            },
            "headline-medium": {
                "fontFamily": {
                    "value": "{brand.font-family-primary}",
                    "type": "fontFamilies"
                },
                "fontWeight": {
                    "value": "{brand.font-weight-strong}",
                    "type": "fontWeights"
                },
                "lineHeight": {
                    "value": "{brand.line-height-medium}",
                    "type": "lineHeight"
                },
                "fontSize": {
                    "value": "{brand.font-size.mobile.xlarge}",
                    "type": "fontSizes"
                },
                "letterSpacing": {
                    "value": "{brand.letter-spacing-small}",
                    "type": "letterSpacing"
                }
            },
            "headline-small": {
                "fontFamily": {
                    "value": "{brand.font-family-primary}",
                    "type": "fontFamilies"
                },
                "fontWeight": {
                    "value": "{brand.font-weight-weak}",
                    "type": "fontWeights"
                },
                "lineHeight": {
                    "value": "{brand.line-height-medium}",
                    "type": "lineHeight"
                },
                "fontSize": {
                    "value": "{brand.font-size.mobile.medium}",
                    "type": "fontSizes"
                },
                "letterSpacing": {
                    "value": "{brand.letter-spacing-small}",
                    "type": "letterSpacing"
                }
            },
            "title-large": {
                "fontFamily": {
                    "value": "{brand.font-family-primary}",
                    "type": "fontFamilies"
                },
                "fontWeight": {
                    "value": "{brand.font-weight-strong}",
                    "type": "fontWeights"
                },
                "lineHeight": {
                    "value": "{brand.line-height-medium}",
                    "type": "lineHeight"
                },
                "fontSize": {
                    "value": "{brand.font-size.mobile.large}",
                    "type": "fontSizes"
                },
                "letterSpacing": {
                    "value": "{brand.letter-spacing-small}",
                    "type": "letterSpacing"
                }
            },
            "title-medium": {
                "fontFamily": {
                    "value": "{brand.font-family-primary}",
                    "type": "fontFamilies"
                },
                "fontWeight": {
                    "value": "{brand.font-weight-weak}",
                    "type": "fontWeights"
                },
                "lineHeight": {
                    "value": "{brand.line-height-medium}",
                    "type": "lineHeight"
                },
                "fontSize": {
                    "value": "{brand.font-size.mobile.small}",
                    "type": "fontSizes"
                },
                "letterSpacing": {
                    "value": "{brand.letter-spacing-small}",
                    "type": "letterSpacing"
                }
            },
            "title-small": {
                "fontFamily": {
                    "value": "{brand.font-family-primary}",
                    "type": "fontFamilies"
                },
                "fontWeight": {
                    "value": "{brand.font-weight-weak}",
                    "type": "fontWeights"
                },
                "lineHeight": {
                    "value": "{brand.line-height-medium}",
                    "type": "lineHeight"
                },
                "fontSize": {
                    "value": "{brand.font-size.mobile.xsmall}",
                    "type": "fontSizes"
                },
                "letterSpacing": {
                    "value": "{brand.letter-spacing-small}",
                    "type": "letterSpacing"
                }
            },
            "label-large": {
                "fontFamily": {
                    "value": "{brand.font-family-primary}",
                    "type": "fontFamilies"
                },
                "fontWeight": {
                    "value": "{brand.font-weight-strong}",
                    "type": "fontWeights"
                },
                "lineHeight": {
                    "value": "{brand.line-height-medium}",
                    "type": "lineHeight"
                },
                "fontSize": {
                    "value": "{brand.font-size.mobile.medium}",
                    "type": "fontSizes"
                },
                "letterSpacing": {
                    "value": "{brand.letter-spacing-small}",
                    "type": "letterSpacing"
                }
            },
            "label-medium": {
                "fontFamily": {
                    "value": "{brand.font-family-primary}",
                    "type": "fontFamilies"
                },
                "fontWeight": {
                    "value": "{brand.font-weight-strong}",
                    "type": "fontWeights"
                },
                "lineHeight": {
                    "value": "{brand.line-height-medium}",
                    "type": "lineHeight"
                },
                "fontSize": {
                    "value": "{brand.font-size.mobile.xsmall}",
                    "type": "fontSizes"
                },
                "letterSpacing": {
                    "value": "{brand.letter-spacing-small}",
                    "type": "letterSpacing"
                }
            },
            "label-small": {
                "fontFamily": {
                    "value": "{brand.font-family-primary}",
                    "type": "fontFamilies"
                },
                "fontWeight": {
                    "value": "{brand.font-weight-strong}",
                    "type": "fontWeights"
                },
                "lineHeight": {
                    "value": "{brand.line-height-medium}",
                    "type": "lineHeight"
                },
                "fontSize": {
                    "value": "{brand.font-size.mobile.xxsmall}",
                    "type": "fontSizes"
                },
                "letterSpacing": {
                    "value": "{brand.letter-spacing-small}",
                    "type": "letterSpacing"
                }
            }
        }
    },
    "web": {
        "typography": {
            "display-small": {
                "fontFamily": {
                    "value": "{brand.font-family-primary}",
                    "type": "fontFamilies"
                },
                "fontWeight": {
                    "value": "{brand.font-weight-strong}",
                    "type": "fontWeights"
                },
                "lineHeight": {
                    "value": "{brand.line-height-large}",
                    "type": "lineHeight"
                },
                "fontSize": {
                    "value": "{brand.font-size.mobile.xxxlarge}",
                    "type": "fontSizes"
                },
                "letterSpacing": {
                    "value": "{brand.letter-spacing-small}",
                    "type": "letterSpacing"
                }
            },
            "headline-large": {
                "fontFamily": {
                    "value": "{brand.font-family-primary}",
                    "type": "fontFamilies"
                },
                "fontWeight": {
                    "value": "{brand.font-weight-strong}",
                    "type": "fontWeights"
                },
                "lineHeight": {
                    "value": "{brand.line-height-large}",
                    "type": "lineHeight"
                },
                "fontSize": {
                    "value": "{brand.font-size.mobile.xxlarge}",
                    "type": "fontSizes"
                },
                "letterSpacing": {
                    "value": "{brand.letter-spacing-small}",
                    "type": "letterSpacing"
                }
            },
            "headline-medium": {
                "fontFamily": {
                    "value": "{brand.font-family-primary}",
                    "type": "fontFamilies"
                },
                "fontWeight": {
                    "value": "{brand.font-weight-strong}",
                    "type": "fontWeights"
                },
                "lineHeight": {
                    "value": "{brand.line-height-medium}",
                    "type": "lineHeight"
                },
                "fontSize": {
                    "value": "{brand.font-size.mobile.xlarge}",
                    "type": "fontSizes"
                },
                "letterSpacing": {
                    "value": "{brand.letter-spacing-small}",
                    "type": "letterSpacing"
                }
            },
            "headline-small": {
                "fontFamily": {
                    "value": "{brand.font-family-primary}",
                    "type": "fontFamilies"
                },
                "fontWeight": {
                    "value": "{brand.font-weight-weak}",
                    "type": "fontWeights"
                },
                "lineHeight": {
                    "value": "{brand.line-height-medium}",
                    "type": "lineHeight"
                },
                "fontSize": {
                    "value": "{brand.font-size.mobile.medium}",
                    "type": "fontSizes"
                },
                "letterSpacing": {
                    "value": "{brand.letter-spacing-small}",
                    "type": "letterSpacing"
                }
            },
            "title-large": {
                "fontFamily": {
                    "value": "{brand.font-family-primary}",
                    "type": "fontFamilies"
                },
                "fontWeight": {
                    "value": "{brand.font-weight-strong}",
                    "type": "fontWeights"
                },
                "lineHeight": {
                    "value": "{brand.line-height-medium}",
                    "type": "lineHeight"
                },
                "fontSize": {
                    "value": "{brand.font-size.mobile.large}",
                    "type": "fontSizes"
                },
                "letterSpacing": {
                    "value": "{brand.letter-spacing-small}",
                    "type": "letterSpacing"
                }
            },
            "title-medium": {
                "fontFamily": {
                    "value": "{brand.font-family-primary}",
                    "type": "fontFamilies"
                },
                "fontWeight": {
                    "value": "{brand.font-weight-weak}",
                    "type": "fontWeights"
                },
                "lineHeight": {
                    "value": "{brand.line-height-medium}",
                    "type": "lineHeight"
                },
                "fontSize": {
                    "value": "{brand.font-size.mobile.small}",
                    "type": "fontSizes"
                },
                "letterSpacing": {
                    "value": "{brand.letter-spacing-small}",
                    "type": "letterSpacing"
                }
            },
            "title-small": {
                "fontFamily": {
                    "value": "{brand.font-family-primary}",
                    "type": "fontFamilies"
                },
                "fontWeight": {
                    "value": "{brand.font-weight-weak}",
                    "type": "fontWeights"
                },
                "lineHeight": {
                    "value": "{brand.line-height-medium}",
                    "type": "lineHeight"
                },
                "fontSize": {
                    "value": "{brand.font-size.mobile.xsmall}",
                    "type": "fontSizes"
                },
                "letterSpacing": {
                    "value": "{brand.letter-spacing-small}",
                    "type": "letterSpacing"
                }
            },
            "label-large": {
                "fontFamily": {
                    "value": "{brand.font-family-primary}",
                    "type": "fontFamilies"
                },
                "fontWeight": {
                    "value": "{brand.font-weight-strong}",
                    "type": "fontWeights"
                },
                "lineHeight": {
                    "value": "{brand.line-height-medium}",
                    "type": "lineHeight"
                },
                "fontSize": {
                    "value": "{brand.font-size.mobile.medium}",
                    "type": "fontSizes"
                },
                "letterSpacing": {
                    "value": "{brand.letter-spacing-small}",
                    "type": "letterSpacing"
                }
            },
            "label-medium": {
                "fontFamily": {
                    "value": "{brand.font-family-primary}",
                    "type": "fontFamilies"
                },
                "fontWeight": {
                    "value": "{brand.font-weight-strong}",
                    "type": "fontWeights"
                },
                "lineHeight": {
                    "value": "{brand.line-height-medium}",
                    "type": "lineHeight"
                },
                "fontSize": {
                    "value": "{brand.font-size.mobile.xsmall}",
                    "type": "fontSizes"
                },
                "letterSpacing": {
                    "value": "{brand.letter-spacing-small}",
                    "type": "letterSpacing"
                }
            },
            "label-small": {
                "fontFamily": {
                    "value": "{brand.font-family-primary}",
                    "type": "fontFamilies"
                },
                "fontWeight": {
                    "value": "{brand.font-weight-strong}",
                    "type": "fontWeights"
                },
                "lineHeight": {
                    "value": "{brand.line-height-medium}",
                    "type": "lineHeight"
                },
                "fontSize": {
                    "value": "{brand.font-size.mobile.xxsmall}",
                    "type": "fontSizes"
                },
                "letterSpacing": {
                    "value": "{brand.letter-spacing-small}",
                    "type": "letterSpacing"
                }
            }
        }
    }
}